,artist_name,num_of_albums,first_release,last_release,avg_tracks_per_album,streams_b,followers_mio,listeners_mio,scoring
0,"""Tito """"El Bambino""""""",10,2006-01-01,2020-12-18,16.0,1.34,3.78,8.99,5
1,$uicideboy$,18,2014-12-22,2022-12-16,11.0,10.75,6.0,11.16,23
2,(G)I-DLE,1,2022-03-14,2022-03-14,8.0,2.5,7.21,11.11,10
3,*NSYNC,8,1997,2002-10-05,15.0,1.93,2.06,7.26,5
4,21 Savage,5,2016-07-15,2020-10-19,15.0,13.43,14.79,56.0,52
5,24kGoldn,2,2019-11-22,2021-03-26,12.0,4.35,2.08,14.01,9
6,2Pac,16,1991-11-12,2023-02-17,19.0,8.04,16.14,23.14,27
7,3 Doors Down,12,2000,2023-08-11,15.0,2.6,4.21,11.32,8
8,5 Seconds of Summer,10,2014,2023-04-14,15.0,8.91,9.65,19.86,23
9,50 Cent,7,2003-02-06,2019-05-20,18.0,8.14,12.39,31.28,29
10,A Boogie Wit da Hoodie,10,2016-09-16,2022-12-12,18.0,9.39,7.7,19.52,24
11,A Day To Remember,10,2005,2021-03-05,14.0,2.79,2.27,5.15,5
12,A$AP Ferg,5,2013-08-19,2020-09-25,13.0,3.29,3.67,11.6,8
13,A$AP Rocky,4,2011-10-31,2018-05-25,16.0,9.11,12.79,29.62,31
14,ABBA,14,1973,2021-11-05,19.0,6.79,10.91,27.63,24
15,AC/DC,21,1976-05-14,2020-11-13,12.0,10.15,27.33,28.53,37
16,AJR,6,2013,2021-03-26,14.0,3.97,3.03,10.14,9
17,ANAVITÓRIA,4,2017-10-27,2021-01-01,13.0,2.24,6.85,5.08,6
18,AP Dhillon,1,2020-12-23,2020-12-23,7.0,2.63,4.2,16.54,10
19,ATEEZ,8,2019-10-08,2022-07-29,9.0,1.76,3.16,3.68,5
20,Adele,4,2008-11-17,2021-11-19,14.0,17.93,51.29,51.65,73
21,Aerosmith,23,1973-01-05,2022-04-08,13.0,5.2,13.81,23.4,19
22,Agust D,3,2016-08-16,2023-04-21,10.0,1.59,12.75,4.31,7
23,Air Supply,24,1976-12-01,2020-03-31,13.0,1.59,4.04,5.91,5
24,Alan Jackson,22,1989-04-03,2021-05-14,13.0,2.78,2.48,8.86,7
25,Alan Walker,3,2018-12-14,2022-11-25,13.0,10.44,39.37,30.89,42
26,Alanis Morissette,17,1995,2022-06-17,17.0,1.71,2.62,7.14,5
27,Alec Benjamin,3,2018-11-16,2022-04-15,12.0,4.52,4.56,17.84,13
28,Alex Rose,3,2019-11-08,2023-07-28,12.0,2.26,3.75,7.15,6
29,Alfredo Olivas,7,2010-01-01,2022-09-30,14.0,3.22,6.51,10.03,11
30,Ali Gatie,4,2019-11-08,2022-10-21,15.0,2.65,2.09,8.67,6
31,Alice In Chains,8,1990-08-01,2018-08-24,12.0,2.41,4.71,7.54,7
32,Alok,3,2022-06-24,2023-04-07,12.0,5.42,12.24,23.74,21
33,Aminé,5,2017-07-28,2021-11-05,15.0,3.06,1.88,9.6,6
34,Ana Gabriel,32,1984,2020-12-11,15.0,1.57,3.93,7.88,5
35,Andrés Calamaro,28,1984-07-08,2023-06-02,23.0,1.79,2.34,7.19,5
36,Andy Grammer,4,2011-06-14,2019-07-26,13.0,2.89,1.17,8.92,5
37,Anirudh Ravichander,39,2011-12-23,2023-09-05,12.0,3.58,21.7,24.87,22
38,Anitta,7,2013-02-06,2022-08-25,17.0,7.43,13.1,20.35,23
39,Anuel AA,6,2018-07-17,2022-12-09,18.0,17.46,32.27,32.92,60
40,Arctic Monkeys,8,2006-01-29,2022-10-21,13.0,15.67,21.48,46.13,55
41,Aretha Franklin,61,1956-01-01,2023-06-23,15.0,2.72,3.22,11.47,7
42,Ariana Grande,9,2013-01-01,2023-08-25,17.0,38.14,93.69,66.53,141
43,Armaan Malik,3,2014-01-01,2020-07-21,7.0,1.38,19.21,14.38,9
44,Armin van Buuren,20,2003-06-16,2023-09-08,37.0,4.5,4.34,14.71,12
45,Ashnikko,2,2021-01-15,2023-08-25,12.0,1.71,2.03,6.35,5
46,Audioslave,4,2002-11-17,2022-02-18,13.0,1.92,4.28,7.71,6
47,Ava Max,2,2020-09-18,2023-01-27,15.0,7.86,6.0,32.51,23
48,Avenged Sevenfold,13,2002-03-19,2023-06-02,13.0,4.51,6.51,9.16,12
49,Avicii,6,2013-01-01,2019-06-06,11.0,14.41,23.23,36.15,45
50,Avril Lavigne,9,2002-06-04,2022-11-25,16.0,5.29,10.29,18.31,17
51,Axwell /\ Ingrosso,1,2017-07-28,2017-07-28,15.0,2.54,2.47,7.64,5
52,Aya Nakamura,6,2017-08-25,2023-08-17,17.0,2.94,4.24,8.7,8
53,BLACKPINK,7,2018-12-05,2022-09-16,12.0,10.74,45.35,24.46,45
54,BROCKHAMPTON,10,2016-04-11,2022-11-18,15.0,3.38,2.14,4.76,5
55,BTS,21,2013-06-12,2022-06-10,14.0,35.43,69.43,33.21,106
56,Baby Keem,4,2018-10-29,2022-10-28,18.0,3.23,1.68,17.29,9
57,Backstreet Boys,11,1996-05-06,2022-10-14,13.0,4.76,5.36,16.98,13
58,Bad Bunny,5,2018-12-23,2022-05-06,17.0,57.82,74.06,75.63,190
59,Bad Gyal,3,2016-11-11,2021-03-18,8.0,1.24,1.11,16.01,5
60,Badshah,3,2018-08-17,2023-02-07,11.0,1.89,25.03,15.82,12
61,Banda El Recodo,75,1993-03-11,2023-09-08,14.0,2.79,3.61,7.12,7
62,Banda MS de Sergio Lizárraga,16,2008-01-01,2023-06-30,14.0,7.73,17.72,15.73,24
63,Bastille,12,2013-01-01,2023-04-28,18.0,6.99,5.46,20.67,17
64,Bazzi,3,2018-04-12,2022-09-16,15.0,5.61,5.53,13.14,13
65,Beach House,9,2006-10-03,2022-02-18,11.0,2.18,1.93,11.78,6
66,Beastie Boys,11,1986-11-15,2011-05-03,22.0,2.05,2.62,8.91,6
67,Becky G,2,2019-10-18,2022-05-13,15.0,7.79,13.84,32.54,27
68,Bee Gees,28,1967-07-14,2019-04-05,16.0,4.47,7.17,26.39,16
69,Ben&Ben,2,2019-05-12,2021-08-29,13.0,1.91,8.31,4.5,6
70,Bethel Music,25,2010-10-12,2023-03-17,13.0,2.53,1.62,4.24,5
71,Beyoncé,14,2003-03-10,2022-07-29,21.0,19.7,35.91,51.11,72
72,Big Sean,14,2011-01-01,2022-09-19,15.0,6.22,11.12,18.83,19
73,Bill Withers,10,1971-05-01,2021-04-08,10.0,2.14,1.56,16.36,6
74,Billie Eilish,2,2019-03-29,2021-07-30,15.0,29.25,86.15,71.56,125
75,Billy Idol,13,1982-01-01,2023-07-28,14.0,1.49,1.76,11.34,5
76,Billy Joel,23,1971-11-01,2023-04-21,16.0,4.96,5.43,22.49,15
77,Birdy,10,2011-11-04,2023-08-22,13.0,3.3,3.79,9.94,8
78,Black Eyed Peas,13,1998-01-01,2022-11-11,15.0,8.8,7.7,39.64,27
79,Black Sabbath,32,1970-02-13,2023-06-02,14.0,3.1,7.2,14.88,11
80,Blake Shelton,16,2001-07-31,2022-11-11,14.0,3.47,7.25,8.87,10
81,Bob Marley & The Wailers,35,1973-04-13,2023-08-04,16.0,8.74,11.85,19.49,25
82,Bon Iver,4,2008-05-12,2019-08-09,11.0,3.47,3.48,15.48,10
83,Bon Jovi,21,1984-01-01,2020-10-05,14.0,6.31,12.67,26.73,23
84,Bonez MC,3,2018-10-05,2022-09-08,14.0,3.39,2.15,4.87,7
85,Booba,12,2002-01-01,2021-03-04,17.0,2.27,2.82,3.08,5
86,Boyce Avenue,14,2009-12-09,2020-05-15,27.0,3.39,3.19,4.02,6
87,Breaking Benjamin,8,2002-01-01,2020-01-24,15.0,3.14,4.46,6.23,7
88,Brent Faiyaz,4,2017-10-13,2023-05-05,15.0,4.04,4.51,21.47,15
89,Bring Me The Horizon,10,2006-10-30,2020-10-30,13.0,5.58,5.07,13.13,14
90,Britney Spears,9,1999-01-12,2020-12-11,15.0,8.35,12.8,33.39,29
91,Bronco,29,1982-01-01,2022-05-27,13.0,1.85,3.3,6.41,6
92,Brooks & Dunn,14,1991-08-13,2019-04-05,14.0,1.79,2.74,7.89,5
93,Bruce Springsteen,39,1973-01-05,2023-07-28,21.0,5.39,5.85,16.14,15
94,Bruno & Marrone,38,1994,2023-06-23,15.0,2.65,5.42,6.32,7
95,Bruno Mars,4,2010-10-05,2021-11-12,10.0,22.46,50.91,64.6,92
96,Bryan Adams,28,1980-02-12,2023-02-03,14.0,4.15,3.27,19.76,11
97,Bryson Tiller,6,2015-10-02,2021-11-19,14.0,5.37,7.46,16.6,17
98,Bullet For My Valentine,14,2005,2022-05-08,14.0,2.0,2.84,4.71,5
99,Burna Boy,8,2013-08-12,2023-08-24,16.0,3.1,6.59,20.16,14
100,C. Tangana,4,2017-10-05,2022-02-18,15.0,3.48,2.53,9.76,8
101,CKay,4,2019-08-30,2023-06-16,10.0,1.9,1.35,11.69,5
102,CNCO,7,2016-08-26,2022-08-26,12.0,3.75,9.93,7.03,10
103,Café Tacvba,14,1992-07-13,2019-10-22,15.0,1.77,2.81,6.93,5
104,Cage The Elephant,7,2008-01-01,2019-04-19,14.0,3.93,3.37,13.61,10
105,Caifanes,3,1988-05-15,1994,12.0,1.68,3.48,5.83,5
106,Cali Y El Dandee,4,2012-01-01,2022-02-25,12.0,2.43,3.99,7.91,6
107,Calibre 50,20,2010-01-01,2023-06-30,15.0,4.81,10.65,11.79,14
108,Calle 13,6,2005,2014-02-28,16.0,2.25,2.9,8.24,6
109,Calum Scott,3,2018-03-09,2022-06-17,16.0,4.44,5.33,26.63,15
110,Calvin Harris,6,2007-06-18,2022-08-05,14.0,21.23,23.63,64.96,70
111,Camila,1,2019-03-29,2019-03-29,24.0,2.05,4.19,10.54,7
112,Camila Cabello,3,2018-01-12,2022-04-08,12.0,13.89,31.53,38.94,48
113,Camilo,4,2020-04-17,2023-06-08,12.0,7.18,18.11,21.46,25
114,Canserbero,6,2007-12-31,2016-12-02,14.0,2.18,7.8,5.5,8
115,Cardi B,3,2016-03-07,2018-04-06,12.0,10.27,22.13,32.51,37
116,Carin Leon,13,2018-04-12,2023-05-19,20.0,4.17,7.8,25.78,19
117,Carlos Rivera,13,2007,2023-02-17,18.0,2.85,4.37,8.28,8
118,Carlos Vives,19,1994-02-22,2023-04-18,13.0,3.84,6.13,14.86,12
119,Carly Rae Jepsen,8,2008-09-30,2023-07-28,14.0,3.53,5.25,17.77,11
120,Carrie Underwood,11,2005-11-14,2022-06-10,14.0,2.76,5.89,10.78,9
121,Cartel De Santa,8,2004-07-28,2016-11-18,15.0,4.96,15.33,10.34,17
122,Cavetown,9,2015-11-09,2022-11-04,11.0,2.64,3.77,6.67,7
123,Chance the Rapper,7,2012-04-03,2023-04-30,16.0,4.2,5.93,10.54,11
124,Charli XCX,9,2013-04-12,2022-03-25,14.0,3.79,2.97,23.19,12
125,Charlie Brown Jr.,22,1997-01-01,2021-07-30,19.0,2.59,6.6,6.43,8
126,Chase Atlantic,4,2017-10-04,2022-05-03,14.0,3.8,5.56,13.16,12
127,Chayanne,21,1984-01-10,2014-08-25,12.0,2.33,7.52,12.09,9
128,Chief Keef,39,2012-01-01,2022-12-16,15.0,2.73,4.08,10.06,8
129,Childish Gambino,7," My Love!""""""",2020-03-22,13.0,7.7,11.39,22.71,24
130,Chris Brown,18,2005,2022-11-18,26.0,18.38,20.51,47.33,59
131,Chris Stapleton,4,2015-05-04,2020-11-13,12.0,4.17,6.11,19.81,15
132,Chris Young,9,2006-10-02,2022-06-03,12.0,2.04,2.78,5.88,5
133,Christian Nodal,5,2017-08-25,2021-02-26,12.0,6.92,13.85,19.76,24
134,Christina Perri,6,2011-05-10,2022-07-15,14.0,3.1,3.7,12.11,8
135,Ciara,9,2005-01-22,2023-08-18,14.0,2.13,6.31,11.46,8
136,Cigarettes After Sex,2,2017-06-09,2019-10-25,10.0,4.32,8.08,17.98,16
137,Clairo,2,2019-08-02,2021-07-16,12.0,3.14,4.11,14.7,10
138,Clean Bandit,2,2014-06-02,2018-11-30,16.0,7.82,5.28,21.42,18
139,Colbie Caillat,11,2007-01-01,2023-03-10,13.0,2.44,2.5,9.89,6
140,Coldplay,15,2000-07-10,2021-10-15,13.0,27.6,47.16,65.72,99
141,Cole Swindell,6,2014-02-18,2022-04-08,13.0,1.75,2.16,7.07,5
142,Conan Gray,2,2020-03-20,2022-06-24,12.0,5.37,8.34,23.64,19
143,Counting Crows,13,1996-01-01,2021-05-21,15.0,1.83,1.7,10.77,5
144,Creedence Clearwater Revival,18,1968-07-05,2022-11-30,12.0,6.06,6.07,29.03,20
145,Cristian Castro,21,1992-06-30,2019-10-11,13.0,1.92,3.2,7.47,5
146,Cyndi Lauper,17,1983,2021-10-15,12.0,2.09,2.42,15.38,6
147,Céline Dion,29,1987-04-02,2023-05-12,15.0,4.35,7.69,13.17,13
148,D-Block Europe,8,2018-07-20,2023-07-07,21.0,2.14,1.17,15.07,6
149,DENNIS,15,2004,2022-08-08,15.0,1.92,2.15,14.89,6
150,DJ Khaled,13,2007-06-12,2022-08-26,14.0,8.39,10.4,25.57,24
151,DJ Snake,3,2016-08-05,2020-02-21,21.0,11.01,8.72,32.77,29
152,DMX,15,1998-05-01,2021-08-27,15.0,2.32,4.61,9.36,7
153,DNCE,1,2016-11-18,2016-11-18,14.0,2.88,4.6,11.64,8
154,DaBaby,1,2022-03-04,2022-03-04,12.0,10.73,11.16,29.21,30
155,Daddy Yankee,13,2002-06-20,2022-03-25,19.0,20.21,33.87,53.83,73
156,Dadju,6,2017-11-24,2023-03-15,28.0,1.76,5.39,5.22,6
157,Dan + Shay,5,2014-03-28,2021-08-13,12.0,4.35,3.06,13.38,10
158,Daniel Caesar,5,2015-11-12,2023-04-10,12.0,4.65,4.47,26.34,15
159,Danna Paola,3,2009-01-01,2021-01-13,12.0,2.85,4.75,10.23,8
160,Danny Ocean,4,2019-03-21,2022-11-11,16.0,4.75,5.23,18.45,14
161,Darius Rucker,9,2008-01-01,2017-10-20,13.0,1.63,2.48,8.25,5
162,Darshan Raval,3,2020-02-01,2023-08-09,12.0,0.4,12.75,19.89,5
163,Daryl Hall & John Oates,34,1970-01-08,2023-06-01,12.0,3.04,2.21,17.53,8
164,Dave,3,2017-11-03,2021-07-22,10.0,4.09,3.62,28.94,15
165,David Bisbal,19,2002-01-01,2023-06-29,21.0,2.45,4.53,7.69,7
166,David Guetta,11,2002-05-20,2018-09-14,22.0,24.35,26.63,70.44,82
167,De La Ghetto,5,2008-10-14,2023-06-30,17.0,2.59,7.22,17.21,11
168,Dean Lewis,2,2019-03-22,2022-11-04,11.0,4.33,2.72,17.21,11
169,Def Leppard,27,1980-03-14,2023-05-19,20.0,1.68,4.58,7.64,5
170,Deftones,13,1995-09-29,2020-12-11,12.0,3.03,4.36,9.0,9
171,Demi Lovato,15,2008,2022-08-19,16.0,11.7,26.05,31.46,39
172,Denzel Curry,8,2015-06-09,2022-09-30,12.0,2.3,2.38,6.79,6
173,Depeche Mode,22,1981-11-02,2023-03-24,19.0,3.61,5.77,13.34,11
174,Destiny's Child,6,1998,2019-12-02,16.0,3.27,6.68,14.15,10
175,Dierks Bentley,12,2003-01-01,2023-02-24,12.0,2.29,3.07,6.56,6
176,Dilsinho,10,2016-06-10,2023-07-07,16.0,2.48,4.2,9.33,8
177,Dimitri Vegas & Like Mike,1,2020-12-11,2020-12-11,18.0,3.06,3.46,10.79,8
178,Diplo,10,2004-08-23,2023-07-28,16.0,9.85,2.58,33.5,20
179,Dire Straits,10,1978-10-07,2022-06-17,9.0,4.26,6.96,17.49,14
180,Disclosure,8,2013-06-03,2023-07-14,21.0,5.36,2.14,14.47,10
181,Disturbed,16,2000-03-07,2022-11-18,14.0,4.79,6.24,10.6,12
182,Doja Cat,5,2018-03-30,2021-06-27,15.0,15.05,26.24,65.33,64
183,Dolly Parton,64,1967-09-18,2022-08-17,14.0,2.67,2.23,13.39,7
184,Dominic Fike,3,2018-10-16,2023-07-07,12.0,2.5,1.28,16.78,7
185,Don Omar,9,2006-05-23,2023-06-15,18.0,7.2,10.12,33.05,26
186,Don Toliver,6,2018-08-02,2023-02-28,15.0,3.76,3.22,23.69,13
187,Dr. Dre,5,1992-12-15,2015-08-21,18.0,5.24,10.43,22.69,20
188,Drake,15,2009,2022-11-04,17.0,62.77,79.63,75.17,201
189,Dread Mar I,9,2006-12-05,2018-05-24,17.0,2.06,2.61,8.74,6
190,Dua Lipa,5,2017-06-02,2021-02-11,18.0,26.89,41.52,76.2,98
191,Duran Duran,21,1981-06-15,2021-10-23,17.0,1.66,2.72,8.96,5
192,ENHYPEN,3,2021-10-12,2022-10-25,9.0,2.24,6.44,9.3,9
193,Eagles,12,1972-06-01,2020-10-16,15.0,4.76,9.95,20.33,17
194,"Earth, Wind & Fire",29,1971,2023-02-15,12.0,3.26,4.03,17.84,10
195,Ed Sheeran,13,2011-09-09,2023-05-05,16.0,44.5,114.97,76.19,166
196,El Alfa,9,2017-05-08,2022-11-22,17.0,3.94,3.09,22.73,12
197,El Fantasma,18,2016-01-11,2023-01-27,11.0,3.22,5.92,9.53,9
198,Eladio Carrion,7,2020-01-31,2023-03-17,16.0,5.18,4.85,22.4,17
199,Electric Light Orchestra,22,1971,2021-11-12,15.0,2.63,3.88,12.5,8
200,Elevation Worship,20,2010-09-07,2023-05-19,13.0,2.66,2.62,5.78,6
201,Ella Mai,3,2018-10-12,2023-02-02,16.0,2.52,5.19,7.52,7
202,Elton John,50,1969-06-06,2022-07-08,15.0,10.99,12.21,48.26,38
203,Elvis Presley,80,1956-03-23,2023-08-11,32.0,6.97,8.7,17.91,20
204,Emilia,2,2022-05-31,2022-10-28,9.0,1.32,1.67,17.11,6
205,Eminem,17,1999-02-23,2022-08-05,24.0,37.45,76.47,63.86,134
206,Empire of the Sun,5,2008-10-03,2016-10-28,15.0,2.14,1.33,14.16,6
207,Enrique Iglesias,13,1995-11-23,2021-09-17,13.0,7.87,11.33,23.98,23
208,Eric Church,15,2006-01-01,2021-04-23,18.0,3.24,3.85,9.34,8
209,Eric Clapton,42,1970-08-01,2023-08-11,16.0,3.2,5.53,11.99,9
210,Eros Ramazzotti,42,1985-01-15,2022-09-15,15.0,1.77,2.1,7.02,5
211,Eslabon Armado,6,2020-04-06,2023-04-28,15.0,4.0,4.69,26.11,15
212,Evanescence,9,2003-03-04,2021-03-26,14.0,2.87,4.06,12.42,9
213,Ezhel,1,2017-05-25,2017-05-25,12.0,2.38,5.99,5.05,7
214,Fall Out Boy,14,2003-03-25,2023-03-24,13.0,9.91,10.27,25.85,28
215,Falling In Reverse,4,2011-07-26,2017-04-07,13.0,2.18,2.77,6.83,6
216,Farruko,9,2010-05-04,2021-10-01,16.0,13.46,15.53,37.75,42
217,Feid,8,2015-10-07,2022-09-14,15.0,10.42,7.31,39.21,35
218,Fergie,3,2006-09-13,2017-09-22,15.0,2.22,5.62,12.26,7
219,Ferrugem,9,2015-02-09,2023-08-11,15.0,2.01,5.46,6.72,7
220,Fetty Wap,6,2015-09-25,2021-10-22,14.0,4.29,4.56,8.87,9
221,Fifth Harmony,3,2015-01-30,2017-10-29,12.0,4.82,16.19,10.33,14
222,Filipe Ret,6,2009-11-20,2022-06-16,10.0,1.78,4.97,7.23,7
223,Five Finger Death Punch,12,2007-07-31,2022-08-19,15.0,5.39,6.21,6.88,11
224,Fleetwood Mac,33,1967,2023-09-08,23.0,8.53,10.39,33.27,28
225,Flo Rida,6,2008-03-17,2015-04-07,11.0,7.78,8.95,27.7,24
226,Florence + The Machine,13,2009,2023-04-21,18.0,5.51,6.55,19.66,16
227,Florida Georgia Line,9,2012,2021-02-19,17.0,6.81,5.41,13.14,15
228,Foo Fighters,14,1995-07-04,2023-06-02,12.0,7.07,11.29,20.69,22
229,Foreigner,21,1977-03-08,2020-11-27,14.0,1.86,2.93,12.23,6
230,Foster The People,4,2011-05-23,2021-11-12,13.0,3.92,3.77,13.54,10
231,Frank Ocean,2,2012-07-10,2016-08-20,17.0,10.26,11.77,27.87,32
232,Frank Sinatra,89,1946-03-04,2023-07-21,20.0,6.65,6.56,14.41,16
233,French Montana,41,2007-09-04,2023-01-06,18.0,6.18,5.19,18.17,15
234,Fuerza Regida,11,2018-07-20,2022-12-30,12.0,4.84,4.71,23.02,17
235,Future,6,2017-02-10,2020-11-13,17.0,18.92,14.82,51.85,60
236,G-Eazy,11,2012-09-26,2021-09-24,16.0,9.65,5.2,17.25,19
237,Galantis,3,2015-06-05,2020-02-07,13.0,5.08,3.39,13.83,11
238,George Ezra,3,2014-06-30,2022-06-10,13.0,4.53,4.12,16.55,12
239,George Michael,9,1987-10-30,2022-09-30,20.0,3.3,4.42,16.79,10
240,George Strait,43,1981-01-01,2019-03-29,15.0,2.89,4.03,8.48,8
241,Gera MX,9," No Enterrado""""""",2023-08-04,14.0,2.96,4.44,10.01,9
242,Gerardo Ortiz,19,2008-10-15,2023-07-14,16.0,3.06,7.42,8.36,9
243,Ghostemane,8,2015-06-10,2020-10-21,12.0,2.45,3.24,5.6,6
244,Glass Animals,8,2014-06-03,2022-08-05,19.0,5.71,3.88,23.7,15
245,Glee Cast,26,2009-11-02,2022-11-11,24.0,4.3,1.52,4.88,6
246,Gloria Trevi,21,1989-07-05,2023-08-15,15.0,1.9,4.76,6.69,6
247,Gorillaz,13,2001-03-26,2023-02-27,17.0,8.02,10.84,23.3,24
248,Gotye,2,2008-08-17,2011-01-01,12.0,1.77,2.38,10.93,5
249,Green Day,21,1991-07-01,2023-08-17,16.0,8.86,14.33,30.18,30
250,Grupo Firme,8,2017-04-14,2022-12-15,14.0,5.21,10.88,19.0,20
251,Gucci Mane,141,2005-05-24,2022-12-09,18.0,5.89,5.0,16.56,15
252,Guilherme & Benuto,3,2021-11-04,2023-03-16,14.0,2.0,0.66,10.43,5
253,Gunna,10,2016-10-15,2023-09-14,18.0,8.15,5.86,37.09,27
254,Guns N' Roses,10,1987-07-21,2022-11-11,26.0,8.19,29.95,28.81,34
255,Guru Randhawa,2,2019-03-02,2022-08-22,14.0,0.63,16.78,8.9,5
256,Gustavo Cerati,11,1992,2022-08-11,15.0,1.93,3.86,4.71,5
257,Gustavo Mioto,7,2015-06-09,2022-02-25,14.0,2.28,5.47,12.08,9
258,Gusttavo Lima,15,2009-01-01,2023-06-15,19.0,6.6,20.56,12.63,23
259,Gwen Stefani,8,2004-11-22,2020-10-23,15.0,2.5,6.24,15.23,9
260,Gym Class Heroes,4,2005-02-22,2011-11-11,15.0,1.92,1.48,14.03,5
261,Hans Zimmer,97,1989-01-01,2023-09-12,18.0,4.99,3.49,10.14,11
262,Hardwell,8,2012-02-06,2022-12-23,16.0,2.38,3.73,6.81,6
263,Harry Styles,3,2017-05-12,2022-05-20,12.0,18.96,29.3,59.28,70
264,Henrique & Juliano,12,2012-04-01,2023-07-28,18.0,7.3,20.05,12.41,24
265,Hillsong UNITED,23,1999-02-01,2023-03-31,16.0,3.22,3.84,5.26,7
266,Hillsong Worship,58,1992-07-01,2022-09-16,15.0,3.62,5.17,5.33,8
267,Hollywood Undead,15,2008-09-02,2023-04-28,15.0,2.78,2.34,4.6,5
268,Hombres G,23,1985,2021-10-08,19.0,1.95,4.01,10.76,7
269,Hozier,4,2014-07-20,2023-08-18,17.0,7.54,5.93,28.19,23
270,Hungria Hip Hop,2,2015-07-14,2017-05-29,11.0,2.03,9.2,5.8,7
271,INXS,17,1980,2022-10-28,16.0,1.61,2.47,10.01,5
272,ITZY,4,2020-03-09,2023-10-18,10.0,2.14,5.84,6.5,7
273,IU,6,2009-04-23,2021-03-25,13.0,2.27,8.17,5.92,7
274,Ice Cube,18,1990-03-16,2021-10-29,16.0,3.2,7.34,16.11,12
275,Iggy Azalea,6,2014-01-01,2021-09-17,14.0,2.81,6.48,7.78,8
276,Imagine Dragons,8,2012-09-04,2023-07-28,24.0,26.57,50.23,58.95,96
277,Incubus,14,1997,2017-04-21,16.0,2.24,3.12,7.34,6
278,Intocable,35,1994-01-01,2023-04-21,16.0,2.39,3.6,6.99,6
279,Iron Maiden,29,1980,2021-09-03,13.0,3.72,8.55,8.12,11
280,Israel & Rodolffo,17,2012,2023-07-06,16.0,2.13,2.13,10.96,6
281,J Balvin,11,2012-01-01,2021-12-17,16.0,31.3,37.9,51.41,90
282,J. Cole,7,2011-09-27,2021-05-14,14.0,18.31,21.35,40.95,57
283,JAY-Z,23,1996-06-25,2022-08-31,15.0,8.71,8.62,36.09,29
284,JID,3,2017-03-10,2022-10-31,14.0,1.64,1.32,20.88,6
285,JVKE,1,2022-09-23,2022-09-23,12.0,2.1,3.06,24.72,9
286,Jack Harlow,8,2016-06-17,2023-04-28,11.0,7.3,2.99,26.6,17
287,Jack Johnson,13,2001-02-01,2023-06-02,14.0,5.96,3.7,12.65,13
288,James Arthur,5,2013-11-04,2022-03-11,17.0,10.09,13.37,38.14,34
289,James Bay,4,2015-03-20,2022-07-12,14.0,4.57,3.96,11.48,10
290,James Blunt,11,2005-10-04,2021-11-19,16.0,3.76,2.86,11.6,8
291,Jason Aldean,12,2005-07-26,2022-04-22,14.0,4.66,6.35,9.66,12
292,Jason Derulo,8,2010-02-26,2020-08-07,12.0,11.88,11.93,32.99,33
293,Jason Mraz,19,2002-10-15,2023-06-23,14.0,5.13,7.27,16.95,14
294,Jay Chou,21,2000-11-06,2022-07-14,14.0,2.62,4.85,2.55,6
295,Jay Wheeler,8,2019-11-27,2023-04-25,12.0,3.64,3.36,18.98,11
296,Jelly Roll,19,2010-04-06,2023-06-02,13.0,1.68,2.53,7.49,5
297,Jenni Rivera,34,1994-04-17,2023-06-30,14.0,1.79,4.33,4.19,5
298,Jennifer Lopez,13,1999-06-01,2022-11-25,13.0,4.98,12.43,22.77,18
299,Jeremih,7,2009-01-01,2023-07-07,14.0,4.31,6.55,12.59,12
300,Jeremy Zucker,4,2017-05-26,2021-10-01,11.0,3.81,2.2,10.5,8
301,Jesse & Joy,10,2006-07-18,2022-05-06,14.0,3.56,8.1,13.35,12
302,Jessie J,6,2011-01-01,2018-10-26,15.0,4.08,11.62,15.99,14
303,Jessie Reyez,6,2017-04-21,2022-09-16,12.0,2.25,1.36,10.15,5
304,Jhayco,4,2018-05-18,2021-09-03,14.0,6.19,6.66,33.81,23
305,Jhené Aiko,6,2013-01-01,2021-03-19,17.0,3.7,6.78,11.04,12
306,Jimi Hendrix,24,1967-05-12,2022-11-18,18.0,3.02,6.36,9.13,9
307,Joan Sebastian,90,1990-01-01,2023-04-14,11.0,4.16,9.25,11.15,13
308,Joey Bada$$,5,2012-06-12,2022-09-02,13.0,2.7,3.16,8.89,7
309,John Denver,48,1966,2023-02-17,15.0,1.91,1.97,8.81,5
310,John Legend,13,2003-06-10,2023-02-08,16.0,6.26,6.58,21.15,17
311,John Lennon,18,1968-11-11,2021-04-23,20.0,2.36,5.63,10.48,7
312,John Mayer,16,1999-09-24,2021-07-16,12.0,9.34,5.95,15.6,19
313,John Williams,98,1958,2023-06-28,16.0,3.94,1.28,5.14,6
314,Joji,4,2018-02-14,2022-11-04,14.0,8.65,8.9,23.18,25
315,Jon Pardi,6,2014-01-01,2022-09-02,13.0,2.4,1.78,9.09,6
316,Jon Z,6,2015-11-25,2022-06-24,13.0,1.39,5.92,7.52,6
317,Jonas Brothers,6,2007-01-01,2023-05-12,13.0,5.51,7.2,24.48,18
318,Jordan Davis,3,2018-03-23,2023-02-17,12.0,1.85,1.02,10.24,5
319,Jorja Smith,1,2018-06-08,2018-06-08,12.0,2.71,3.24,14.23,8
320,José José,50,1972-04-28,2021-09-28,13.0,3.08,6.56,8.44,9
321,Joyner Lucas,4,2015-04-23,2020-10-23,17.0,2.65,2.07,6.73,6
322,Juan Gabriel,57,1971-08-04,2023-08-28,15.0,3.79,8.18,9.95,12
323,Juanes,14,2000-01-01,2023-05-19,14.0,3.05,4.53,18.41,11
324,Juice WRLD,6,2018-12-10,2023-05-18,21.0,27.36,30.63,29.98,73
325,Juicy J,2,2016-06-03,2022-02-11,15.0,1.72,3.13,4.79,5
326,Julia Michaels,3,2017-07-28,2021-04-30,8.0,3.77,5.08,18.81,12
327,Julieta Venegas,11,1998,2022-11-11,12.0,2.46,2.11,15.17,7
328,Junior H,8,2019-05-31,2022-11-23,12.0,6.97,10.03,26.76,27
329,Justin Bieber,15,2009-01-01,2021-10-08,15.0,38.1,74.19,72.71,136
330,Justin Timberlake,8,2002-11-04,2018-02-02,15.0,8.38,13.27,33.47,29
331,KALEO,2,2016-06-10,2021-04-23,11.0,2.01,1.62,10.66,5
332,KAROL G,5,2017-10-27,2023-08-11,14.0,17.34,39.41,56.68,77
333,KHEA,2,2020-05-15,2023-05-25,12.0,3.34,5.23,10.49,10
334,Kane Brown,4,2016-12-02,2022-09-09,15.0,5.3,5.13,12.39,13
335,Kanye West,12,2004-02-10,2021-11-14,17.0,31.71,21.26,58.2,89
336,Karan Aujla,2,2021-09-15,2023-08-18,11.0,0.98,6.04,9.13,6
337,Kate Bush,12,1978-02-17,2011-11-21,11.0,1.88,1.74,11.44,5
338,Katy Perry,9,2008-06-17,2023-06-20,14.0,15.4,29.29,51.37,57
339,Keane,9,2004-05-10,2021-04-02,14.0,2.69,3.11,15.88,8
340,Kehlani,6,2014-08-26,2022-04-29,13.0,4.49,7.19,13.84,13
341,Keith Urban,13,1997-01-01,2020-09-18,14.0,2.85,5.23,7.94,8
342,Kelly Clarkson,11,2003-07-23,2023-06-23,16.0,5.08,10.15,17.77,16
343,Kelsea Ballerini,6,2015-05-18,2023-08-11,13.0,1.94,1.08,9.79,5
344,Kendrick Lamar,10,2010-09-14,2022-05-13,14.0,22.35,25.34,47.28,71
345,Kenia OS,2,2022-03-24,2022-10-26,12.0,1.38,3.65,6.72,5
346,Kenny Chesney,24,1994,2020-05-01,12.0,3.28,4.4,8.51,8
347,Kenshi Yonezu,5,2012-05-16,2020-08-05,14.0,1.1,5.28,7.27,5
348,Kesha,6,2010-01-01,2023-05-19,16.0,4.63,7.64,18.87,15
349,Kevin Gates,17,2009-11-24,2023-07-15,16.0,5.03,6.04,5.96,10
350,Key Glock,9,2017-06-16,2023-06-23,18.0,2.12,1.71,11.61,6
351,Khalid,4,2017-04-27,2021-12-03,12.0,23.91,16.14,51.82,62
352,King Von,5,2019-09-20,2023-07-14,16.0,2.51,3.21,8.69,7
353,Kings of Leon,8,2003-08-19,2021-03-05,12.0,5.4,5.29,15.52,14
354,Kodaline,7,2013-06-17,2022-10-13,14.0,2.77,2.98,8.77,7
355,Korn,20,1994-10-11,2023-07-28,13.0,3.82,6.64,10.45,11
356,Kungs,3,2016-11-04,2023-07-21,14.0,2.12,0.93,15.9,5
357,Kygo,5,2016-05-13,2022-11-11,13.0,13.82,8.44,26.95,31
358,Kylie Minogue,30,1988-07-04,2022-04-08,17.0,2.25,1.78,14.78,6
359,L7NNON,2,2019-01-18,2020-11-19,13.0,1.97,3.48,9.99,7
360,LE SSERAFIM,1,2023-05-01,2023-05-01,13.0,1.21,3.0,9.41,5
361,LIT killah,2,2021-08-19,2022-10-27,14.0,1.87,5.02,16.18,8
362,LMFAO,2,2009-01-01,2011-01-01,15.0,1.63,4.28,8.75,5
363,LUDMILLA,9,2014-08-11,2023-03-24,16.0,2.57,6.65,16.36,11
364,La Arrolladora Banda El Limón De Rene Camacho,42,1997-02-03,2023-06-16,15.0,4.09,6.34,7.42,10
365,La Oreja de Van Gogh,14,1998-05-18,2021-06-04,15.0,2.49,3.48,10.92,7
366,Labrinth,5,2012-04-02,2023-04-28,18.0,6.84,3.04,29.14,17
367,Lady A,19,2008-01-01,2021-10-22,14.0,2.18,3.83,7.76,6
368,Lady Gaga,14,2008-01-01,2022-05-27,18.0,18.57,27.91,52.71,64
369,Lana Del Rey,12,2012-01-01,2023-03-24,15.0,18.35,27.75,56.69,72
370,Laura Pausini,31,1993-04-23,2019-11-08,16.0,1.86,2.38,7.58,5
371,Lauren Daigle,6,2015-04-14,2023-09-08,15.0,1.89,2.52,6.4,5
372,Lauv,5,2018-05-31,2022-08-05,17.0,8.98,5.94,20.12,20
373,League of Legends,16,2015-01-28,2023-06-13,25.0,3.0,1.65,17.61,8
374,Led Zeppelin,23,1969-01-12,2016-09-16,15.0,6.62,13.73,18.36,21
375,Lee Brice,5,2010-06-08,2020-11-20,14.0,2.36,2.15,8.08,6
376,Lenin Ramírez,12,2015-03-24,2023-01-27,14.0,1.8,2.88,8.3,5
377,Lenny Kravitz,15,1989-09-19,2018-09-07,17.0,1.95,3.02,10.65,6
378,Leona Lewis,7,2007,2021-11-19,14.0,2.06,3.55,7.22,5
379,Lewis Capaldi,3,2019-05-17,2023-05-19,13.0,9.17,11.66,31.98,30
380,Liam Payne,1,2019-12-06,2019-12-06,18.0,3.18,10.31,5.29,7
381,Lil Baby,13,2017-08-24,2022-10-14,16.0,12.62,15.26,30.49,41
382,Lil Durk,24,2012-02-16,2023-05-26,16.0,5.82,6.16,27.44,20
383,Lil Mosey,3,2018-10-19,2020-08-14,16.0,3.84,5.22,7.54,9
384,Lil Nas X,1,2021-09-17,2021-09-17,15.0,10.54,12.49,29.06,30
385,Lil Peep,7,2016-06-10,2023-09-08,14.0,11.02,10.65,14.83,27
386,Lil Skies,4,2017-12-12,2021-05-14,16.0,4.24,5.02,5.0,8
387,Lil Tecca,4,2019-08-30,2021-09-01,21.0,5.11,6.26,16.33,15
388,Lil Tjay,4,2019-10-11,2023-07-14,15.0,5.84,7.11,16.82,18
389,Lil Uzi Vert,8,2015-12-18,2023-06-30,18.0,16.02,15.85,34.63,48
390,Lil Wayne,27,1999-01-01,2023-03-31,18.0,10.46,14.05,35.31,37
391,Lil Yachty,10,2016-06-10,2023-01-27,17.0,3.67,9.28,13.03,13
392,Limp Bizkit,10,1997-01-01,2021-10-31,14.0,3.28,5.34,13.76,10
393,Linkin Park,22,2000-10-24,2023-04-07,21.0,16.14,24.43,34.31,52
394,Lionel Richie,22,1982,2021-10-29,17.0,2.16,3.23,11.43,7
395,Little Mix,14,2012-11-19,2021-11-12,20.0,8.96,11.66,17.35,22
396,Logic,14,2014-10-21,2023-02-24,15.0,9.06,5.94,11.96,17
397,Lord Huron,6,2013-01-21,2023-07-11,15.0,2.86,1.32,16.01,7
398,Lorde,4,2013-09-27,2021-11-05,12.0,6.98,9.99,21.3,20
399,Los Bukis,33,1977-01-01,2023-04-21,16.0,2.45,3.69,6.71,7
400,Los Enanitos Verdes,19,1986-11-20,2019-11-06,13.0,2.16,3.82,11.38,7
401,Los Temerarios,34,1983,2021-01-22,13.0,2.76,3.8,5.84,7
402,Los Tigres Del Norte,51,1984-01-01,2022-05-20,15.0,3.13,4.97,9.87,9
403,Los Ángeles Azules,17,1993-01-01,2022-12-01,12.0,4.17,7.23,16.25,14
404,Lost Frequencies,4,2016-10-21,2020-09-25,17.0,4.88,2.74,25.59,13
405,Louis Armstrong,149,1925,2023-09-13,23.0,2.32,2.73,9.27,6
406,Louis Tomlinson,4,2020-01-30,2023-05-26,15.0,2.53,7.01,3.42,6
407,Luan Santana,12,2009-11-02,2023-06-08,15.0,3.39,7.47,11.65,12
408,Luciano,8,2016-10-21,2022-09-29,19.0,3.28,1.96,7.05,7
409,Ludovico Einaudi,39,1994-10-01,2023-09-14,15.0,3.51,3.17,7.38,9
410,Luis Fonsi,12,1998-01-01,2022-03-11,14.0,7.19,11.25,22.06,21
411,Luis Miguel,32,1982,2017-11-24,12.0,9.55,13.55,17.08,28
412,Lukas Graham,4,2016-04-01,2023-01-20,10.0,3.95,2.14,13.9,8
413,Luke Combs,6,2017-06-02,2023-03-24,17.0,8.8,9.22,23.6,27
414,Lunay,2,2019-10-25,2021-05-21,15.0,3.36,8.87,9.72,10
415,Lynyrd Skynyrd,32,1973,2023-06-28,17.0,3.13,4.83,16.39,10
416,M83,17,2001-10-01,2023-03-17,14.0,2.54,2.3,11.99,7
417,MC Cabelinho,4,2018-12-12,2022-12-20,15.0,1.43,5.36,9.88,7
418,MC Hariel,5,2020-05-01,2022-12-16,12.0,1.55,5.01,7.97,6
419,MF DOOM,12,1999-10-19,2019-10-11,23.0,2.51,2.23,7.5,6
420,MGMT,7,2007-12-14,2022-11-11,11.0,2.93,2.86,12.64,8
421,Mabel,4,2019-01-18,2022-07-15,17.0,3.22,1.88,8.13,6
422,Mac DeMarco,15,2012-03-13,2023-04-21,25.0,4.46,4.53,16.92,14
423,Mac Miller,17,2010-08-13,2023-06-23,16.0,11.5,9.49,24.0,30
424,Machine Gun Kelly,10,2012-01-01,2022-06-24,16.0,8.3,5.14,13.22,17
425,Macklemore,1,2012-10-09,2012-10-09,15.0,8.07,2.12,30.46,17
426,Macklemore & Ryan Lewis,3,2012-10-09,2016-02-26,13.0,5.04,2.65,22.69,12
427,Madison Beer,2,2018-02-02,2021-02-26,12.0,2.97,5.89,14.48,10
428,Maiara & Maraisa,9,2014-08-24,2023-03-23,13.0,4.52,13.31,10.96,15
429,Major Lazer,8,2009-12-07,2018-09-12,15.0,9.51,6.38,25.06,22
430,Maluma,10,2012-08-07,2023-08-25,15.0,15.61,34.53,38.95,57
431,Manu Chao,8,1998-10-06,2023-02-24,21.0,1.77,1.56,11.02,5
432,Manuel Medrano,2,2015-10-30,2021-10-01,12.0,1.52,2.68,7.24,5
433,Maná,19,1990,2015-04-21,15.0,5.37,10.25,17.38,18
434,Marc Anthony,17,1993-01-01,2022-03-04,12.0,4.38,9.27,11.35,13
435,Marco Antonio Solís,15,1995-01-01,2023-04-21,14.0,3.0,6.67,10.16,10
436,Maria Becerra,2,2021-08-26,2022-12-09,12.0,4.83,4.8,25.96,17
437,Mariah Carey,20,1990-06-12,2023-09-08,17.0,7.41,9.31,25.14,22
438,Marilyn Manson,13,1994-01-01,2020-09-11,14.0,2.58,4.09,6.77,7
439,Mark Ronson,6,2003-08-29,2023-08-04,15.0,4.06,1.04,22.55,9
440,Maroon 5,16,2002,2021-06-11,17.0,23.44,41.49,57.18,81
441,Marshmello,4,2016-01-08,2021-06-11,11.0,15.58,35.32,57.25,61
442,Martin Garrix,1,2022-04-29,2022-04-29,11.0,10.3,15.88,22.58,28
443,Marvin Gaye,43,1961,2023-08-25,15.0,3.87,5.15,20.09,12
444,Mary J. Blige,26,1992-01-01,2022-05-06,16.0,2.02,3.64,10.46,6
445,Marília Mendonça,2,2020-09-04,2021-10-14,14.0,8.92,32.92,12.61,30
446,Matheus & Kauan,9,2013-12-01,2023-08-25,17.0,5.22,11.33,12.03,17
447,Mau y Ricky,3,2019-05-03,2023-07-20,13.0,3.36,6.79,12.38,10
448,Mc Don Juan,1,2019-10-04,2019-10-04,11.0,2.02,5.28,12.42,8
449,Mc Livinho,3,2016-12-02,2022-04-02,12.0,1.58,7.56,10.24,7
450,Meek Mill,34,2011-06-11,2021-10-01,15.0,6.15,7.57,14.21,16
451,Megadeth,36,1985,2022-09-02,16.0,1.9,4.92,5.25,6
452,Megan Thee Stallion,9,2017-09-18,2022-08-12,13.0,6.33,7.93,23.53,19
453,Meghan Trainor,11,2015-01-08,2023-03-10,17.0,7.07,13.88,26.08,24
454,Melanie Martinez,6,2015-08-14,2023-04-05,15.0,7.13,18.29,14.53,24
455,Melendi,15,2005,2021-11-05,18.0,2.69,3.61,7.0,7
456,Melim,6,2018-06-08,2023-01-12,13.0,1.68,5.71,4.09,5
457,Metallica,24,1983-07-24,2023-04-14,36.0,11.12,25.91,25.05,38
458,Metro Boomin,8,2014-06-27,2023-08-04,22.0,13.35,5.56,51.94,39
459,Michael Bublé,19,2003,2022-03-25,13.0,7.85,5.99,12.12,15
460,Michael Jackson,16,1972-01-24,2022-11-18,16.0,11.96,28.72,36.66,45
461,Migos,15,2011-08-25,2021-06-11,17.0,8.62,13.47,18.47,24
462,Miguel,9,2010-11-26,2017-12-01,12.0,5.3,4.79,27.84,17
463,Mike Posner,11,2009-02-28,2020-12-18,17.0,3.41,1.38,14.61,7
464,Miley Cyrus,11,2007-06-26,2023-08-18,14.0,14.42,22.1,71.38,59
465,Milky Chance,7,2013-05-31,2023-06-09,13.0,3.27,1.84,14.13,8
466,Mitski,6,2012-01-31,2022-02-04,11.0,3.9,5.01,11.39,12
467,Moira Dela Torre,5,2018-02-19,2023-03-17,14.0,1.43,9.63,3.67,5
468,Mon Laferte,10,2011-06-23,2021-10-29,13.0,2.46,6.15,9.44,8
469,Moneybagg Yo,19,2016-01-20,2023-06-02,17.0,2.85,3.99,11.22,9
470,Morat,6,2016-06-17,2022-11-04,14.0,6.81,9.65,14.68,20
471,Morgan Wallen,4,2018-04-27,2023-03-03,28.0,10.8,7.07,25.69,31
472,Mother Mother,11,2007-05-08,2022-01-28,13.0,2.43,3.5,7.58,7
473,Mrs. GREEN APPLE,6,2016-01-13,2023-07-04,15.0,1.35,2.94,5.45,5
474,Ms. Lauryn Hill,3,1998-08-25,2020-11-20,20.0,2.54,2.58,13.32,7
475,Mumford & Sons,7,2010-01-01,2018-11-16,15.0,5.62,6.55,10.47,13
476,My Chemical Romance,8,2002,2016-09-23,16.0,5.76,7.93,15.56,16
477,Myke Towers,4,2016-03-14,2023-03-23,19.0,11.84,12.48,46.93,43
478,Måneskin,4,2017-12-08,2023-01-20,11.0,5.38,7.83,22.67,18
479,Mötley Crüe,20,1981-11-10,2022-08-22,14.0,2.48,4.83,8.79,7
480,NAV,1,2017-07-21,2017-07-21,15.0,5.95,3.38,12.56,12
481,NCT 127,13,2016-07-10,2023-01-30,13.0,2.07,7.11,3.13,5
482,NCT DREAM,6,2020-06-09,2023-07-17,14.0,1.99,7.16,6.05,7
483,NEFFEX,44,2018-11-30,2023-05-31,10.0,2.72,2.38,5.26,6
484,NF,6,2015-03-31,2023-04-07,14.0,9.58,8.95,16.48,24
485,NLE Choppa,9,2019-11-15,2023-04-17,27.0,4.22,6.71,20.29,15
486,Nas,1,2003,2003,15.0,2.84,3.41,10.73,8
487,Nat King Cole,79,1952-01-01,2023-06-16,21.0,2.45,2.1,6.45,5
488,Natanael Cano,2,2019-10-31,2020-12-18,19.0,5.76,8.46,20.34,22
489,Ne-Yo,13,2006-01-01,2022-11-11,14.0,5.3,8.29,22.73,18
490,Neha Kakkar,1,2011,2011,7.0,1.55,42.43,14.1,12
491,Nelly Furtado,9,2000,2021-06-04,17.0,3.36,3.55,25.38,12
492,Niall Horan,4,2017-10-20,2023-06-09,12.0,5.94,9.8,17.04,18
493,Nick Jonas,5,2014-11-10,2021-03-15,15.0,2.8,9.38,7.65,8
494,Nickelback,14,1996-05-01,2023-06-02,14.0,5.5,6.53,15.62,15
495,Nicki Minaj,13,2010-01-01,2022-08-28,21.0,18.14,29.51,62.07,70
496,Nicky Jam,6,2014-02-15,2021-08-27,17.0,10.08,19.24,27.76,35
497,Nina Simone,48,1958-06-24,2023-07-21,13.0,2.02,2.68,7.97,5
498,Ninho,10,2014-02-17,2023-07-07,17.0,4.92,8.67,6.9,13
499,Nio Garcia,1,2020-07-24,2020-07-24,18.0,4.58,5.23,12.63,11
500,Nipsey Hussle,15,2009-08-18,2018-07-13,17.0,1.93,3.3,4.06,5
501,Nirvana,16,1989-06-01,2021-11-12,30.0,9.18,18.23,27.82,32
502,Noah Cyrus,3,2020-05-15,2022-12-02,12.0,3.29,1.21,12.02,6
503,Noah Kahan,4,2019-06-14,2023-06-09,14.0,2.33,1.24,15.2,7
504,Norah Jones,17,2002-02-26,2023-06-02,18.0,3.25,3.03,8.72,8
505,ODESZA,8,2012-09-05,2023-04-26,18.0,2.72,1.53,6.38,5
506,ONE OK ROCK,10,2007-11-21,2022-09-09,13.0,1.86,5.12,3.98,5
507,Of Monsters and Men,7,2012-01-01,2022-12-09,12.0,2.69,3.53,8.6,7
508,Offset,1,2019-02-22,2019-02-22,16.0,3.54,2.91,20.11,11
509,Old Dominion,5,2015-11-06,2021-10-08,12.0,2.28,1.4,8.37,5
510,Oliver Tree,4,2020-07-17,2022-12-23,18.0,2.96,2.33,17.88,8
511,Olivia Rodrigo,2,2021-05-21,2023-09-08,12.0,12.32,27.89,60.08,59
512,Olly Murs,11,2010-11-29,2022-12-02,18.0,2.15,3.33,6.46,5
513,One Direction,5,2012-05-25,2015-11-13,18.0,18.75,33.15,38.45,61
514,OneRepublic,9,2007-11-20,2022-02-04,17.0,12.89,16.25,47.15,44
515,Orochi,3,2020-03-27,2023-01-09,17.0,1.49,3.92,6.9,5
516,Os Barões Da Pisadinha,10,2019-09-26,2023-01-26,17.0,3.18,6.89,4.78,7
517,Otis Redding,22,1964,2022-12-07,14.0,2.06,2.14,9.84,5
518,Outkast,10,1994-04-26,2021-08-27,22.0,4.03,2.35,21.04,10
519,Owl City,10,2007,2023-03-24,12.0,2.36,2.41,10.05,6
520,Ozuna,7,2017-08-25,2023-05-26,16.0,25.19,38.06,45.65,80
521,Ozzy Osbourne,19,1981-11-07,2022-09-09,13.0,2.76,4.98,9.65,8
522,P!nk,13,2000-04-04,2023-02-17,15.0,10.09,15.85,33.98,34
523,PARTYNEXTDOOR,8,2013-07-01,2020-10-16,13.0,4.31,5.71,17.29,14
524,Pablo Alborán,10,2011-02-01,2023-01-31,19.0,4.07,5.01,12.93,11
525,Pamungkas,7,2018-07-15,2023-08-09,16.0,1.12,5.1,7.54,5
526,Panic! At The Disco,9,2005-09-27,2022-08-19,14.0,10.22,12.0,22.7,27
527,Pantera,12,1990-07-20,2020-10-30,18.0,1.78,4.6,6.34,6
528,Papa Roach,18,2001-04-25,2023-03-17,14.0,3.42,4.93,11.52,9
529,Paramore,8,2005-07-26,2023-02-10,15.0,6.52,8.05,21.36,20
530,Paul McCartney,51,1967-01-06,2021-04-16,19.0,3.28,4.53,11.6,9
531,Paul Simon,23,1965-08-01,2023-05-19,16.0,2.08,2.18,8.37,5
532,Pearl Jam,20,1991-08-27,2023-04-24,15.0,4.89,8.41,13.11,14
533,Pedro Capó,5,2009,2022-12-02,11.0,2.62,1.67,9.64,6
534,Pentatonix,18,2012-06-26,2022-10-28,12.0,3.76,3.62,3.64,6
535,Pepe Aguilar,36,1991-12-19,2022-12-02,12.0,2.03,4.28,7.48,6
536,Peso Pluma,5,2020,2023-06-29,11.0,7.51,7.13,50.43,33
537,Pharrell Williams,3,2006-01-01,2014-03-03,14.0,3.8,4.27,30.82,14
538,Phil Collins,22,1981-01-01,2019-05-31,17.0,4.73,5.37,20.55,14
539,Phoebe Bridgers,3,2017-09-22,2020-06-18,12.0,1.29,1.94,9.79,5
540,Pineapple StormTv,1,2023-04-20,2023-04-20,11.0,2.36,8.52,7.75,8
541,Pink Floyd,23,1967-08-05,2023-03-24,12.0,8.42,19.6,18.87,27
542,Pink Sweat$,2,2021-02-12,2022-01-28,13.0,1.87,1.77,9.45,5
543,PinkPantheress,2,2021-10-15,2022-01-28,18.0,2.14,2.38,25.2,9
544,Piso 21,5,2014-11-11,2022-10-13,13.0,5.52,9.22,17.85,17
545,Pitbull,17,2004-08-03,2019-09-27,16.0,11.49,10.26,37.06,35
546,Pixies,39,1987-01-01,2022-09-30,22.0,2.0,2.64,9.57,6
547,PnB Rock,6,2015-10-30,2022-01-28,16.0,2.42,4.0,4.51,5
548,Polo G,5,2019-06-07,2021-12-03,20.0,8.12,10.07,24.31,25
549,Pop Smoke,8,2019-07-26,2021-07-31,19.0,11.3,12.93,24.1,32
550,Portugal. The Man,14,2006-01-23,2023-06-23,13.0,2.28,1.41,9.31,5
551,Post Malone,10,2016-12-09,2023-08-02,18.0,35.18,42.05,63.67,113
552,Powfu,2,2020-11-20,2022-12-02,9.0,2.54,1.2,7.8,5
553,Prince Royce,8,2010,2020-02-07,15.0,4.53,7.96,16.48,14
554,Pritam,85,2004-07-16,2023-06-13,10.0,0.53,20.19,34.87,9
555,Queen,43,1973-07-13,2022-11-18,18.0,19.63,48.33,47.63,73
556,Queens of the Stone Age,10,1998-09-22,2023-06-16,14.0,2.45,3.34,7.58,7
557,R. Kelly,17,1992-01-13,2016-10-21,17.0,2.17,2.54,4.63,5
558,R3HAB,2,2017-09-15,2018-08-24,17.0,4.02,2.52,22.87,11
559,RADWIMPS,15,2006-02-15,2022-11-10,18.0,1.64,3.59,5.83,5
560,RAF Camora,18,2008-08-01,2023-09-08,20.0,3.83,1.7,5.73,7
561,RAYE,1,2023-02-03,2023-02-03,15.0,2.93,0.99,28.64,8
562,ROSALÍA,4,2017-02-10,2022-09-09,16.0,6.52,7.86,34.76,24
563,Radiohead,14,1993-02-22,2021-11-05,14.0,7.21,8.68,24.08,23
564,Rae Sremmurd,5,2015-01-06,2023-04-07,15.0,5.85,7.34,13.66,14
565,Rag'n'Bone Man,5,2012-11-11,2021-05-07,12.0,2.74,1.73,9.55,6
566,Rage Against The Machine,9,1992,2022-07-15,14.0,2.97,5.61,9.76,8
567,Rammstein,13,1995-09-24,2022-04-29,18.0,6.41,8.65,10.6,17
568,Rascal Flatts,18,2000-01-01,2020-10-02,15.0,2.52,3.59,9.6,7
569,Rauw Alejandro,7,2019-05-31,2023-07-07,14.0,17.26,18.43,46.27,58
570,Red Hot Chili Peppers,16,1984-08-10,2022-10-14,17.0,13.29,20.18,30.13,41
571,Red Velvet,8,2015-09-09,2022-04-06,10.0,2.9,8.74,5.8,8
572,Reik,8,2005-03-02,2019-05-31,14.0,7.14,8.53,19.75,20
573,Rels B,8,2015-10-17,2023-07-21,9.0,5.48,5.78,20.02,18
574,Rema,2,2022-03-24,2023-04-27,19.0,2.39,3.11,32.14,10
575,Rex Orange County,5,2016-11-07,2022-03-11,10.0,4.74,5.6,13.41,13
576,Ricardo Arjona,24,1993-02-02,2021-12-03,16.0,4.84,12.23,8.54,14
577,Ricardo Montaner,30,1990-01-01,2022-05-24,13.0,1.75,6.12,7.37,6
578,Rich The Kid,6,2018-03-30,2020-11-20,16.0,2.74,3.13,5.8,6
579,Ricky Martin,15,1991-11-26,2020-07-30,13.0,4.0,7.6,15.32,12
580,Rihanna,16,2005-08-29,2022-11-11,14.0,26.2,57.79,76.05,109
581,Rise Against,12,2003,2021-06-04,15.0,3.42,2.67,7.44,7
582,Robbie Williams,19,1997-01-01,2022-09-09,18.0,3.04,2.75,11.63,8
583,Roberto Carlos,70,1963-04-07,2018-09-28,12.0,1.54,5.19,5.32,5
584,Rocío Dúrcal,42,1977,2018-08-20,15.0,1.65,4.03,7.4,5
585,Rod Wave,10,2018-05-25,2022-11-18,17.0,3.87,5.41,7.56,11
586,Roxette,25,1986-11-24,2023-02-17,21.0,2.28,2.07,10.63,6
587,Rudimental,6,2013-04-26,2021-09-03,16.0,3.49,1.38,10.55,6
588,Russ,16,2012-01-24,2023-08-18,14.0,7.49,4.94,16.83,17
589,Ruth B.,3,2017-05-05,2021-12-10,13.0,3.04,3.08,19.93,9
590,Ryan Castro,2,2022-08-05,2022-11-30,8.0,1.9,1.83,23.72,8
591,Río Roma,4,2012-07-24,2021-01-29,19.0,1.83,2.82,7.56,5
592,SAINt JHN,3,2018-03-30,2020-11-20,13.0,3.29,1.0,10.26,6
593,Sabaton,22,2010-05-21,2023-04-14,14.0,2.95,1.94,3.14,5
594,Sabrina Carpenter,6,2015-04-14,2023-03-17,12.0,3.78,5.96,25.1,15
595,Sade,8,1984-07-16,2012-05-07,11.0,2.29,3.43,11.53,7
596,Sam Feldt,3,2017-10-06,2018-02-19,17.0,3.7,0.77,13.46,6
597,Sam Hunt,3,2014-10-27,2020-04-03,12.0,1.9,2.32,9.07,5
598,Sam Smith,9,2014-01-01,2023-04-12,15.0,21.24,23.12,56.02,66
599,Santana,42,1969-08-30,2022-12-21,13.0,2.39,3.15,15.03,8
600,Saweetie,4,2018-03-16,2021-04-23,8.0,2.19,1.86,9.0,5
601,ScHoolboy Q,5,2011-01-11,2019-04-26,15.0,3.54,4.6,9.01,9
602,Scorpions,26,1972-02-09,2022-02-25,14.0,2.79,6.65,13.16,9
603,Sean Kingston,4,2008-03-11,2022-09-30,13.0,2.22,3.17,13.52,7
604,Sean Paul,11,2000,2022-11-11,17.0,6.35,4.49,34.3,20
605,Sebastian Yatra,3,2018-05-18,2022-07-29,16.0,9.4,22.38,28.0,34
606,Seether,17,2002-01-01,2022-12-16,16.0,2.13,3.28,6.56,5
607,Selena Gomez & The Scene,8,2009-01-01,2011-01-01,12.0,1.72,9.25,12.3,7
608,Sezen Aksu,30,1977-09-01,2022-11-11,14.0,1.79,8.05,5.47,7
609,Shaggy,21,1993-01-01,2022-05-25,15.0,2.68,2.03,17.43,8
610,Shakira,17,1995-10-06,2021-11-12,14.0,16.58,31.33,63.97,68
611,Shania Twain,18,1993-01-01,2023-06-23,22.0,2.56,3.01,16.62,8
612,Shawn Mendes,12,2015-04-14,2020-12-07,15.0,21.83,42.47,44.32,71
613,Shinedown,10,2003-05-27,2022-07-01,19.0,2.95,3.96,5.98,7
614,Shreya Ghoshal,23,2001,2023-08-31,12.0,1.83,19.61,33.52,16
615,Sia,18,2003,2022-12-30,14.0,15.94,26.94,45.75,55
616,Sidhu Moose Wala,3,2018-10-18,2021-05-15,18.0,2.94,23.35,9.95,14
617,Simon & Garfunkel,10,1964-10-19,2008-03-25,15.0,3.24,4.82,11.36,9
618,Simple Plan,9,2004-10-26,2022-05-06,13.0,2.05,3.49,7.27,5
619,Sin Bandera,7,2003-10-01,2022-05-06,12.0,2.21,5.77,8.0,7
620,Ski Mask The Slump God,4,2018-02-02,2021-06-25,11.0,3.7,5.53,9.32,10
621,Skillet,19,1996-10-29,2023-02-17,14.0,3.68,4.82,7.81,9
622,Skrillex,4,2010-12-21,2023-02-18,12.0,6.52,8.25,21.75,20
623,Sleepy Hallow,4,2019-10-31,2021-10-08,16.0,2.52,1.49,9.84,6
624,Slipknot,11,2001,2022-09-30,20.0,6.46,10.09,11.91,18
625,Snow Patrol,13,1998,2023-08-04,17.0,2.24,2.89,9.35,6
626,Soda Stereo,17,1984-02-06,2017-03-10,11.0,3.76,8.15,10.48,12
627,Soolking,4,2018-11-02,2022-05-26,21.0,1.57,4.76,7.5,6
628,Soulja Boy,37,2007-01-01,2023-07-28,15.0,1.66,1.88,11.19,5
629,Soundgarden,14,1989-09-05,2023-06-08,21.0,1.65,4.13,6.95,5
630,Spice Girls,5,1996-01-01,2022-11-04,16.0,1.87,3.17,11.48,6
631,Stephen Sanchez,1,2022-08-19,2022-08-19,7.0,1.49,0.84,26.03,5
632,Steve Lacy,3,2019-05-24,2022-07-15,12.0,3.64,3.6,26.93,14
633,Stevie Wonder,33,1962-01-01,2022-11-07,18.0,5.02,6.27,18.98,15
634,Sting,1,2018-04-20,2018-04-20,16.0,2.23,3.07,10.01,6
635,Stone Temple Pilots,13,1992-09-29,2022-01-04,19.0,1.54,3.33,6.5,5
636,Stormzy,4,2014-07-20,2022-11-25,13.0,2.73,2.84,9.77,7
637,Stray Kids,17,2018-01-08,2023-06-02,10.0,5.57,12.61,8.41,17
638,Stromae,3,2010-01-01,2022-07-27,13.0,2.68,3.1,11.08,7
639,Sublime,11,1991,2023-04-21,21.0,2.83,2.63,8.81,7
640,Sufjan Stevens,21,2003-07-01,2023-05-19,19.0,2.46,1.82,8.97,6
641,Sum 41,10,2000-06-27,2019-07-19,13.0,2.71,3.66,9.82,7
642,Summer Walker,5,2018-10-19,2022-10-31,19.0,4.87,5.41,21.0,15
643,Supertramp,12,1974-09-01,2005-01-01,14.0,1.89,3.22,10.19,6
644,Swedish House Mafia,3,2012-01-01,2023-07-28,16.0,3.26,3.79,24.6,12
645,System Of A Down,5,1998,2005-11-18,14.0,6.84,9.6,17.47,20
646,T.I.,22,2001-06-04,2020-10-16,17.0,3.14,4.68,10.8,9
647,TLC,5,1992-02-25,2017-06-30,16.0,1.81,3.72,10.68,6
648,TOMORROW X TOGETHER,5,2019-10-21,2023-07-04,10.0,3.36,8.59,10.14,12
649,TOTO,24,1978-10-10,2021-06-25,14.0,3.22,2.72,20.31,9
650,TV Girl,5,2014-06-05,2023-06-30,10.0,1.85,3.26,15.34,8
651,Tainy,5,2020-03-13,2023-06-29,11.0,4.13,1.68,28.95,12
652,Taio Cruz,4,2008-01-01,2011-01-01,14.0,2.35,2.27,12.91,6
653,Talking Heads,16,1977-09-16,2023-08-18,14.0,1.85,2.23,8.62,5
654,Tame Impala,5,2010-05-21,2020-02-14,11.0,6.86,6.89,24.55,21
655,Tanishk Bagchi,1,2023-06-12,2023-06-12,10.0,2.98,3.4,20.6,10
656,Tate McRae,1,2022-05-27,2022-05-27,13.0,4.78,3.68,22.85,14
657,Taylor Swift,24,2006-10-24,2023-07-07,20.0,57.58,85.93,100.93,232
658,Tears For Fears,13,1983-03-07,2022-02-25,23.0,2.49,3.05,20.22,9
659,Tee Grizzley,11,2017-04-07,2023-04-28,15.0,2.29,3.53,5.14,5
660,Tems,1,2020-09-25,2020-09-25,7.0,1.45,1.19,13.59,5
661,The 1975,8,2013-01-01,2022-10-14,20.0,6.79,6.91,13.52,17
662,The Beach Boys,57,1962-10-01,2022-12-02,30.0,3.33,4.26,12.12,9
663,The Beatles,25,1963-03-22,2022-10-28,30.0,16.61,26.15,30.04,51
664,The Black Keys,13,2002-05-14,2022-05-13,15.0,3.43,3.92,9.61,8
665,The Chainsmokers,5,2017-04-07,2022-10-21,12.0,17.23,20.44,37.23,47
666,The Clash,10,1977,2022-05-20,18.0,2.49,2.58,11.55,7
667,The Cranberries,18,1993-03-01,2021-09-06,19.0,3.11,3.61,17.01,10
668,The Doobie Brothers,21,1971,2023-04-30,14.0,1.56,2.36,8.71,5
669,The Doors,23,1967-01-04,2022-05-11,16.0,3.53,7.42,11.21,11
670,The Fray,5,2005-09-13,2014-02-24,13.0,2.85,4.01,10.01,7
671,The Game,44,2004,2022-08-12,17.0,3.22,4.81,12.72,9
672,The Goo Goo Dolls,22,1987,2022-08-12,14.0,2.43,2.61,15.5,7
673,The Kid LAROI,1,2021-07-27,2021-07-27,35.0,8.47,4.72,31.45,22
674,The Killers,12,2004-06-15,2022-03-25,13.0,6.83,7.12,22.31,19
675,The Kooks,13,2006-01-01,2022-07-22,15.0,2.3,2.48,7.23,5
676,The Neighbourhood,10,2013-04-19,2020-12-11,13.0,9.82,13.59,32.29,33
677,The Notorious B.I.G.,8,1994-09-13,2022-06-10,22.0,6.48,9.25,21.22,20
678,The Offspring,12,1989-06-15,2023-06-16,13.0,4.79,5.19,18.84,14
679,The Police,9,1978-11-02,2018-11-16,14.0,4.12,5.63,26.26,14
680,The Pussycat Dolls,3,2005-01-01,2008-09-23,16.0,2.28,5.5,11.51,7
681,The Rolling Stones,67,1964-04-16,2023-07-26,18.0,8.03,13.29,26.14,26
682,The Script,6,2008-09-08,2019-11-08,12.0,5.2,8.08,16.8,15
683,The Smashing Pumpkins,16,1991,2023-05-05,28.0,2.72,4.69,10.89,8
684,The Smiths,6,1984-02-20,1988-09-05,15.0,3.54,4.45,12.99,11
685,The Strokes,7,2001-07-30,2023-02-24,12.0,4.7,5.19,12.93,12
686,The Temptations,54,1964,2022-01-28,11.0,1.72,2.81,9.24,5
687,The Vamps,13,2014-01-01,2022-10-14,15.0,3.37,5.81,8.23,8
688,The Weeknd,15,2011-03-21,2023-03-14,16.0,47.46,71.36,107.28,186
689,The White Stripes,9,1999-06-15,2023-03-31,19.0,2.92,2.91,15.82,8
690,The Who,35,1965-12-03,2023-03-31,28.0,2.25,5.18,9.09,7
691,Thiaguinho,13,2012-07-10,2022-08-11,17.0,1.97,3.57,5.52,5
692,Thirty Seconds To Mars,5,2002-01-01,2018-04-06,13.0,2.24,3.41,8.76,6
693,Thomas Rhett,9,2015-01-01,2022-04-01,18.0,4.8,4.64,10.13,11
694,Three Days Grace,8,2003-04-19,2022-05-06,13.0,4.57,5.82,10.22,11
695,Timmy Trumpet,1,2020-12-04,2020-12-04,18.0,2.45,1.07,10.88,5
696,Tina Turner,16,1964,2020-11-02,24.0,3.03,3.69,11.69,8
697,Tiësto,54,1997,2023-04-21,18.0,10.4,7.11,42.87,32
698,Toby Keith,24,1993-04-20,2021-10-15,13.0,1.89,2.1,6.53,5
699,Tom Odell,9,2013-04-01,2023-07-28,13.0,3.55,3.42,23.31,11
700,Tom Petty,16,1979-10-19,2023-07-27,22.0,1.88,2.33,11.22,5
701,Tones And I,2,2021-07-16,2021-07-16,17.0,4.42,3.02,13.82,9
702,Tory Lanez,11,2016-08-19,2022-09-30,16.0,6.65,5.96,24.33,20
703,Tove Lo,9,2014-09-24,2023-08-11,16.0,5.43,3.5,15.95,12
704,Tracy Chapman,8,1988-04-05,2008-11-07,11.0,1.98,1.53,11.44,5
705,Travis Scott,4,2015-09-04,2023-07-28,17.0,25.93,24.11,66.38,91
706,Trey Songz,15,2005-07-26,2020-10-09,15.0,3.59,7.45,7.65,9
707,Troye Sivan,3,2015-12-09,2018-08-31,13.0,5.96,7.87,27.41,20
708,Turma do Pagode,17,2003-02-11,2023-05-04,17.0,1.76,3.11,5.6,5
709,Twenty One Pilots,7,2009-12-29,2023-04-21,13.0,14.62,24.05,25.78,42
710,Two Door Cinema Club,6,2010-10-18,2022-09-02,16.0,2.42,2.34,7.67,6
711,Two Feet,5,2018-10-05,2022-06-24,13.0,2.38,1.86,8.73,6
712,Ty Dolla $ign,7,2014-12-08,2020-10-23,19.0,5.81,4.73,26.51,18
713,Tyga,18,2012-01-01,2019-08-23,14.0,9.39,6.91,24.58,24
714,Tyler Childers,7,2011-10-11,2023-09-08,11.0,2.72,2.01,12.23,8
715,"Tyler, The Creator",10,2011-05-09,2023-03-31,21.0,11.13,12.59,29.44,35
716,U2,23,1980-10-20,2023-03-17,22.0,6.64,11.52,20.12,21
717,UB40,31,1981-01-01,2021-06-25,14.0,1.83,2.25,7.93,5
718,Ufo361,16,2016-03-25,2023-03-03,15.0,3.01,1.93,3.94,5
719,Van Halen,14,1978-02-10,2015-03-27,13.0,3.01,5.6,13.83,10
720,Van Morrison,55,1967-09,2023-03-10,17.0,3.06,2.96,12.68,8
721,Vance Joy,6,2014-09-08,2023-04-14,14.0,5.23,2.9,22.49,13
722,Veigh,2,2022-11-18,2023-05-19,13.0,1.07,1.88,10.27,5
723,Vicente Fernández,71,1958,2023-08-11,13.0,4.06,9.55,9.44,13
724,Virlan Garcia,9,2015-07-27,2023-05-12,12.0,1.59,4.32,5.82,5
725,Vishal-Shekhar,35,2000-10-03,2021-05-04,9.0,0.63,5.33,22.12,5
726,Volbeat,12,2005-09-26,2021-12-03,18.0,3.07,2.43,5.53,6
727,WALK THE MOON,7,2012-06-19,2021-11-12,14.0,2.59,2.11,11.42,6
728,Wale,18,2008-08-19,2022-04-29,15.0,2.27,4.18,6.12,6
729,Weezer,25,1996-09-24,2022-12-21,14.0,3.64,3.21,14.43,10
730,Wesley Safadão,21,2012-08-20,2022-12-15,16.0,4.72,12.22,10.97,15
731,Westlife,12,1999-11-01,2021-11-26,15.0,2.43,3.86,5.3,6
732,Whitney Houston,16,1985-02-14,2023-03-24,14.0,5.53,9.6,23.24,18
733,Wisin & Yandel,15,2000,2022-12-01,17.0,5.82,6.67,20.79,18
734,Wiz Khalifa,32,2006-09-05,2023-06-14,15.0,10.04,11.22,30.68,31
735,Wolfgang Amadeus Mozart,1,2023-06-15,2023-06-15,50.0,1.52,5.19,6.17,6
736,Wu-Tang Clan,19,1993-11-09,2019-05-17,18.0,1.83,2.84,6.32,5
737,X Ambassadors,5,2013-01-01,2021-09-24,14.0,2.9,2.94,13.49,8
738,XXXTENTACION,8,2017-07-14,2022-06-10,24.0,25.59,43.02,35.85,77
739,YNW Melly,4,2018-08-03,2021-08-13,14.0,4.33,9.52,10.96,13
740,YOASOBI,4,2021-01-06,2022-11-18,8.0,2.64,6.32,9.63,10
741,Yandel,9,2003,2023-01-13,17.0,4.35,7.23,24.21,17
742,Years & Years,3,2015-07-10,2022-01-21,17.0,2.93,1.98,7.94,6
743,Yeat,8,2019-01-09,2023-02-24,19.0,3.39,3.06,11.99,10
744,Yo Gotti,37,2006-05-23,2023-08-04,16.0,2.0,4.38,5.65,5
745,Yo Yo Honey Singh,7,2011-11-11,2019-11-13,9.0,1.01,12.97,10.91,7
746,Young Dolph,29,2010-07-02,2022-12-16,16.0,2.34,2.64,5.03,5
747,Young Miko,1,2022-07-22,2022-07-22,9.0,1.2,1.1,29.22,6
748,Young Thug,16,2011-12-20,2023-06-26,15.0,10.32,8.88,30.99,32
749,YoungBoy Never Broke Again,30,2016-10-14,2023-05-12,17.0,10.08,11.75,17.38,28
750,Yung Gravy,4,2018-05-04,2022-10-28,12.0,2.48,1.62,6.77,5
751,Yuridia,9,2006-01-03,2022-10-20,14.0,2.27,4.03,9.51,7
752,Yusuf / Cat Stevens,22,1967-03-10,2023-06-16,17.0,2.12,1.8,10.07,5
753,ZAYN,3,2016-03-25,2021-01-15,19.0,8.91,22.72,24.24,30
754,ZZ Top,19,1970-01-16,2022-07-22,12.0,2.0,4.11,9.3,6
755,Zac Brown Band,9,2008-11-17,2022-09-30,15.0,3.79,3.7,11.3,10
756,Zach Bryan,5,2019-08-24,2023-08-25,21.0,4.06,2.09,21.94,14
757,Zara Larsson,3,2017-03-17,2021-07-08,16.0,7.44,10.39,23.23,22
758,Zedd,3,2012-01-01,2015-05-18,13.0,8.39,6.0,16.58,18
759,Zion & Lennox,4,2004-05-04,2021-07-22,16.0,4.35,7.6,20.51,15
760,Zé Neto & Cristiano,8,2012-10-20,2023-06-22,18.0,5.57,18.92,11.68,20
761,a-ha,18,1985-06-01,2022-10-21,24.0,2.37,2.08,17.47,7
762,aespa,1,2022-07-08,2022-07-08,9.0,1.36,3.66,8.17,5
763,alt-J,9,2012-05-28,2023-04-28,14.0,3.47,3.21,8.68,8
764,bbno$,6,2018-07-12,2022-10-21,12.0,3.27,1.26,10.3,7
765,beabadoobee,5,2018-12-07,2022-07-15,9.0,1.24,2.45,15.38,6
766,benny blanco,2,2018-12-07,2021-03-26,11.0,4.32,1.07,16.02,8
767,blackbear,7,2015-02-14,2022-08-26,12.0,8.13,4.88,17.31,17
768,blink-182,11,1994,2019-09-20,16.0,6.76,7.78,17.87,19
769,girl in red,1,2021-04-30,2021-04-30,11.0,3.11,6.28,12.99,10
770,j-hope,3,2018-03-02,2023-08-18,11.0,1.47,15.96,4.39,7
771,keshi,1,2022-03-25,2022-03-25,12.0,2.4,3.03,11.75,8
772,Ñengo Flow,8,2008-09-23,2020-05-15,17.0,1.82,4.83,17.35,9
